run_id,feature,index,image_name,image_path,gcs_uri,image_size_bytes,width,height,upload_sec,start_utc,end_utc,execution_time_sec,success,detection_count,response_size_bytes,response_json_path,error_message
20260607_131224_bb2a80e8,label,1,frame_001_idx00212.jpg,/Users/heng/Documents/skybridge/sim/video_clips/frames_sample/frame_001_idx00212.jpg,gs://skyflow-ae/frames_sample/frame_001_idx00212.jpg,325855,3840,2160,0.000000,2026-06-07T13:14:33.202213+00:00,2026-06-07T13:14:39.536290+00:00,6.333966,1,3,389,/Users/heng/Documents/skybridge/sim/video_clips/scripts/results/gcp_label_detection_with_response_json/0001_frame_001_idx00212.jpg.json,
20260607_131224_bb2a80e8,label,2,frame_002_idx00819.jpg,/Users/heng/Documents/skybridge/sim/video_clips/frames_sample/frame_002_idx00819.jpg,gs://skyflow-ae/frames_sample/frame_002_idx00819.jpg,841818,3840,2160,0.000000,2026-06-07T13:14:39.537981+00:00,2026-06-07T13:14:47.865869+00:00,8.327789,1,8,1084,/Users/heng/Documents/skybridge/sim/video_clips/scripts/results/gcp_label_detection_with_response_json/0002_frame_002_idx00819.jpg.json,
20260607_131224_bb2a80e8,label,3,frame_003_idx00869.jpg,/Users/heng/Documents/skybridge/sim/video_clips/frames_sample/frame_003_idx00869.jpg,gs://skyflow-ae/frames_sample/frame_003_idx00869.jpg,242573,3840,2160,0.000000,2026-06-07T13:14:47.867057+00:00,2026-06-07T13:14:50.457760+00:00,2.590665,1,10,1326,/Users/heng/Documents/skybridge/sim/video_clips/scripts/results/gcp_label_detection_with_response_json/0003_frame_003_idx00869.jpg.json,
20260607_131224_bb2a80e8,label,4,frame_004_idx00976.jpg,/Users/heng/Documents/skybridge/sim/video_clips/frames_sample/frame_004_idx00976.jpg,gs://skyflow-ae/frames_sample/frame_004_idx00976.jpg,255499,3840,2160,0.000000,2026-06-07T13:14:50.458132+00:00,2026-06-07T13:14:53.291011+00:00,2.832849,1,10,1320,/Users/heng/Documents/skybridge/sim/video_clips/scripts/results/gcp_label_detection_with_response_json/0004_frame_004_idx00976.jpg.json,
20260607_131224_bb2a80e8,label,5,frame_005_idx01041.jpg,/Users/heng/Documents/skybridge/sim/video_clips/frames_sample/frame_005_idx01041.jpg,gs://skyflow-ae/frames_sample/frame_005_idx01041.jpg,259684,3840,2160,0.000000,2026-06-07T13:14:53.291404+00:00,2026-06-07T13:14:56.532768+00:00,3.241330,1,10,1342,/Users/heng/Documents/skybridge/sim/video_clips/scripts/results/gcp_label_detection_with_response_json/0005_frame_005_idx01041.jpg.json,
20260607_131224_bb2a80e8,label,6,frame_006_idx01423.jpg,/Users/heng/Documents/skybridge/sim/video_clips/frames_sample/frame_006_idx01423.jpg,gs://skyflow-ae/frames_sample/frame_006_idx01423.jpg,357458,3840,2160,0.000000,2026-06-07T13:14:56.533117+00:00,2026-06-07T13:14:59.651054+00:00,3.117905,1,10,1345,/Users/heng/Documents/skybridge/sim/video_clips/scripts/results/gcp_label_detection_with_response_json/0006_frame_006_idx01423.jpg.json,
20260607_131224_bb2a80e8,label,7,frame_007_idx01501.jpg,/Users/heng/Documents/skybridge/sim/video_clips/frames_sample/frame_007_idx01501.jpg,gs://skyflow-ae/frames_sample/frame_007_idx01501.jpg,1123118,3840,2160,0.000000,2026-06-07T13:14:59.652428+00:00,2026-06-07T13:15:04.170123+00:00,4.517641,1,10,1332,/Users/heng/Documents/skybridge/sim/video_clips/scripts/results/gcp_label_detection_with_response_json/0007_frame_007_idx01501.jpg.json,
20260607_131224_bb2a80e8,label,8,frame_008_idx02279.jpg,/Users/heng/Documents/skybridge/sim/video_clips/frames_sample/frame_008_idx02279.jpg,gs://skyflow-ae/frames_sample/frame_008_idx02279.jpg,500299,3840,2160,0.000000,2026-06-07T13:15:04.170469+00:00,2026-06-07T13:15:08.380794+00:00,4.210284,1,4,554,/Users/heng/Documents/skybridge/sim/video_clips/scripts/results/gcp_label_detection_with_response_json/0008_frame_008_idx02279.jpg.json,
20260607_131224_bb2a80e8,label,9,frame_009_idx02582.jpg,/Users/heng/Documents/skybridge/sim/video_clips/frames_sample/frame_009_idx02582.jpg,gs://skyflow-ae/frames_sample/frame_009_idx02582.jpg,359887,3840,2160,0.000000,2026-06-07T13:15:08.381944+00:00,2026-06-07T13:15:11.364335+00:00,2.982339,1,10,1368,/Users/heng/Documents/skybridge/sim/video_clips/scripts/results/gcp_label_detection_with_response_json/0009_frame_009_idx02582.jpg.json,
20260607_131224_bb2a80e8,label,10,frame_010_idx02614.jpg,/Users/heng/Documents/skybridge/sim/video_clips/frames_sample/frame_010_idx02614.jpg,gs://skyflow-ae/frames_sample/frame_010_idx02614.jpg,351911,3840,2160,0.000000,2026-06-07T13:15:11.364899+00:00,2026-06-07T13:15:14.448875+00:00,3.083942,1,10,1351,/Users/heng/Documents/skybridge/sim/video_clips/scripts/results/gcp_label_detection_with_response_json/0010_frame_010_idx02614.jpg.json,
20260607_131224_bb2a80e8,label,11,frame_011_idx02848.jpg,/Users/heng/Documents/skybridge/sim/video_clips/frames_sample/frame_011_idx02848.jpg,gs://skyflow-ae/frames_sample/frame_011_idx02848.jpg,482857,3840,2160,0.000000,2026-06-07T13:15:14.449267+00:00,2026-06-07T13:15:17.445895+00:00,2.996596,1,10,1348,/Users/heng/Documents/skybridge/sim/video_clips/scripts/results/gcp_label_detection_with_response_json/0011_frame_011_idx02848.jpg.json,
20260607_131224_bb2a80e8,label,12,frame_012_idx03039.jpg,/Users/heng/Documents/skybridge/sim/video_clips/frames_sample/frame_012_idx03039.jpg,gs://skyflow-ae/frames_sample/frame_012_idx03039.jpg,202402,3840,2160,0.000000,2026-06-07T13:15:17.446368+00:00,2026-06-07T13:15:22.931354+00:00,5.484936,1,2,293,/Users/heng/Documents/skybridge/sim/video_clips/scripts/results/gcp_label_detection_with_response_json/0012_frame_012_idx03039.jpg.json,
20260607_131224_bb2a80e8,label,13,frame_013_idx03070.jpg,/Users/heng/Documents/skybridge/sim/video_clips/frames_sample/frame_013_idx03070.jpg,gs://skyflow-ae/frames_sample/frame_013_idx03070.jpg,209946,3840,2160,0.000000,2026-06-07T13:15:22.932336+00:00,2026-06-07T13:15:26.292229+00:00,3.434490,1,3,415,/Users/heng/Documents/skybridge/sim/video_clips/scripts/results/gcp_label_detection_with_response_json/0013_frame_013_idx03070.jpg.json,
20260607_131224_bb2a80e8,label,14,frame_014_idx03169.jpg,/Users/heng/Documents/skybridge/sim/video_clips/frames_sample/frame_014_idx03169.jpg,gs://skyflow-ae/frames_sample/frame_014_idx03169.jpg,145962,3840,2160,0.000000,2026-06-07T13:15:26.293259+00:00,2026-06-07T13:15:30.140307+00:00,3.847060,1,4,562,/Users/heng/Documents/skybridge/sim/video_clips/scripts/results/gcp_label_detection_with_response_json/0014_frame_014_idx03169.jpg.json,
20260607_131224_bb2a80e8,label,15,frame_015_idx03309.jpg,/Users/heng/Documents/skybridge/sim/video_clips/frames_sample/frame_015_idx03309.jpg,gs://skyflow-ae/frames_sample/frame_015_idx03309.jpg,431647,3840,2160,0.000000,2026-06-07T13:15:30.140859+00:00,2026-06-07T13:15:33.316120+00:00,3.175270,1,3,432,/Users/heng/Documents/skybridge/sim/video_clips/scripts/results/gcp_label_detection_with_response_json/0015_frame_015_idx03309.jpg.json,
20260607_131224_bb2a80e8,label,16,frame_016_idx03349.jpg,/Users/heng/Documents/skybridge/sim/video_clips/frames_sample/frame_016_idx03349.jpg,gs://skyflow-ae/frames_sample/frame_016_idx03349.jpg,437404,3840,2160,0.000000,2026-06-07T13:15:33.316652+00:00,2026-06-07T13:15:35.885225+00:00,2.568576,1,5,704,/Users/heng/Documents/skybridge/sim/video_clips/scripts/results/gcp_label_detection_with_response_json/0016_frame_016_idx03349.jpg.json,
20260607_131224_bb2a80e8,label,17,frame_017_idx03358.jpg,/Users/heng/Documents/skybridge/sim/video_clips/frames_sample/frame_017_idx03358.jpg,gs://skyflow-ae/frames_sample/frame_017_idx03358.jpg,445965,3840,2160,0.000000,2026-06-07T13:15:35.887003+00:00,2026-06-07T13:15:38.636641+00:00,2.749616,1,10,1351,/Users/heng/Documents/skybridge/sim/video_clips/scripts/results/gcp_label_detection_with_response_json/0017_frame_017_idx03358.jpg.json,
20260607_131224_bb2a80e8,label,18,frame_018_idx03648.jpg,/Users/heng/Documents/skybridge/sim/video_clips/frames_sample/frame_018_idx03648.jpg,gs://skyflow-ae/frames_sample/frame_018_idx03648.jpg,399150,3840,2160,0.000000,2026-06-07T13:15:38.638101+00:00,2026-06-07T13:15:42.023146+00:00,3.385045,1,10,1344,/Users/heng/Documents/skybridge/sim/video_clips/scripts/results/gcp_label_detection_with_response_json/0018_frame_018_idx03648.jpg.json,
20260607_131224_bb2a80e8,label,19,frame_019_idx04090.jpg,/Users/heng/Documents/skybridge/sim/video_clips/frames_sample/frame_019_idx04090.jpg,gs://skyflow-ae/frames_sample/frame_019_idx04090.jpg,329024,3840,2160,0.000000,2026-06-07T13:15:42.024202+00:00,2026-06-07T13:15:47.451236+00:00,5.427046,1,10,1353,/Users/heng/Documents/skybridge/sim/video_clips/scripts/results/gcp_label_detection_with_response_json/0019_frame_019_idx04090.jpg.json,
20260607_131224_bb2a80e8,label,20,frame_020_idx04572.jpg,/Users/heng/Documents/skybridge/sim/video_clips/frames_sample/frame_020_idx04572.jpg,gs://skyflow-ae/frames_sample/frame_020_idx04572.jpg,234510,3840,2160,0.000000,2026-06-07T13:15:47.452211+00:00,2026-06-07T13:15:50.973633+00:00,3.521420,1,10,1352,/Users/heng/Documents/skybridge/sim/video_clips/scripts/results/gcp_label_detection_with_response_json/0020_frame_020_idx04572.jpg.json,
20260607_131224_bb2a80e8,label,21,frame_021_idx05094.jpg,/Users/heng/Documents/skybridge/sim/video_clips/frames_sample/frame_021_idx05094.jpg,gs://skyflow-ae/frames_sample/frame_021_idx05094.jpg,340760,3840,2160,0.000000,2026-06-07T13:15:50.974786+00:00,2026-06-07T13:15:54.053782+00:00,3.078993,1,10,1352,/Users/heng/Documents/skybridge/sim/video_clips/scripts/results/gcp_label_detection_with_response_json/0021_frame_021_idx05094.jpg.json,
20260607_131224_bb2a80e8,label,22,frame_022_idx05231.jpg,/Users/heng/Documents/skybridge/sim/video_clips/frames_sample/frame_022_idx05231.jpg,gs://skyflow-ae/frames_sample/frame_022_idx05231.jpg,327565,3840,2160,0.000000,2026-06-07T13:15:54.054388+00:00,2026-06-07T13:15:56.724920+00:00,2.670536,1,10,1362,/Users/heng/Documents/skybridge/sim/video_clips/scripts/results/gcp_label_detection_with_response_json/0022_frame_022_idx05231.jpg.json,
20260607_131224_bb2a80e8,label,23,frame_023_idx05329.jpg,/Users/heng/Documents/skybridge/sim/video_clips/frames_sample/frame_023_idx05329.jpg,gs://skyflow-ae/frames_sample/frame_023_idx05329.jpg,1512083,3840,2160,0.000000,2026-06-07T13:15:56.725285+00:00,2026-06-07T13:16:00.115242+00:00,3.389965,1,5,689,/Users/heng/Documents/skybridge/sim/video_clips/scripts/results/gcp_label_detection_with_response_json/0023_frame_023_idx05329.jpg.json,
20260607_131224_bb2a80e8,label,24,frame_024_idx06300.jpg,/Users/heng/Documents/skybridge/sim/video_clips/frames_sample/frame_024_idx06300.jpg,gs://skyflow-ae/frames_sample/frame_024_idx06300.jpg,597653,3840,2160,0.000000,2026-06-07T13:16:00.116208+00:00,2026-06-07T13:16:03.961028+00:00,3.844822,1,10,1365,/Users/heng/Documents/skybridge/sim/video_clips/scripts/results/gcp_label_detection_with_response_json/0024_frame_024_idx06300.jpg.json,
20260607_131224_bb2a80e8,label,25,frame_025_idx06515.jpg,/Users/heng/Documents/skybridge/sim/video_clips/frames_sample/frame_025_idx06515.jpg,gs://skyflow-ae/frames_sample/frame_025_idx06515.jpg,1970577,3840,2160,0.000000,2026-06-07T13:16:03.962395+00:00,2026-06-07T13:16:07.529569+00:00,3.567169,1,10,1351,/Users/heng/Documents/skybridge/sim/video_clips/scripts/results/gcp_label_detection_with_response_json/0025_frame_025_idx06515.jpg.json,
20260607_131224_bb2a80e8,label,26,frame_026_idx06865.jpg,/Users/heng/Documents/skybridge/sim/video_clips/frames_sample/frame_026_idx06865.jpg,gs://skyflow-ae/frames_sample/frame_026_idx06865.jpg,722324,3840,2160,0.000000,2026-06-07T13:16:07.530556+00:00,2026-06-07T13:16:10.904763+00:00,3.374205,1,8,1102,/Users/heng/Documents/skybridge/sim/video_clips/scripts/results/gcp_label_detection_with_response_json/0026_frame_026_idx06865.jpg.json,
20260607_131224_bb2a80e8,label,27,frame_027_idx07055.jpg,/Users/heng/Documents/skybridge/sim/video_clips/frames_sample/frame_027_idx07055.jpg,gs://skyflow-ae/frames_sample/frame_027_idx07055.jpg,411726,3840,2160,0.000000,2026-06-07T13:16:10.913693+00:00,2026-06-07T13:16:13.998507+00:00,3.084790,1,8,1091,/Users/heng/Documents/skybridge/sim/video_clips/scripts/results/gcp_label_detection_with_response_json/0027_frame_027_idx07055.jpg.json,
20260607_131224_bb2a80e8,label,28,frame_028_idx07164.jpg,/Users/heng/Documents/skybridge/sim/video_clips/frames_sample/frame_028_idx07164.jpg,gs://skyflow-ae/frames_sample/frame_028_idx07164.jpg,1879543,3840,2160,0.000000,2026-06-07T13:16:13.998983+00:00,2026-06-07T13:16:17.707680+00:00,3.708708,1,8,1065,/Users/heng/Documents/skybridge/sim/video_clips/scripts/results/gcp_label_detection_with_response_json/0028_frame_028_idx07164.jpg.json,
20260607_131224_bb2a80e8,label,29,frame_029_idx07223.jpg,/Users/heng/Documents/skybridge/sim/video_clips/frames_sample/frame_029_idx07223.jpg,gs://skyflow-ae/frames_sample/frame_029_idx07223.jpg,1907101,3840,2160,0.000000,2026-06-07T13:16:17.708073+00:00,2026-06-07T13:16:21.297311+00:00,3.589248,1,8,1068,/Users/heng/Documents/skybridge/sim/video_clips/scripts/results/gcp_label_detection_with_response_json/0029_frame_029_idx07223.jpg.json,
20260607_131224_bb2a80e8,label,30,frame_030_idx07314.jpg,/Users/heng/Documents/skybridge/sim/video_clips/frames_sample/frame_030_idx07314.jpg,gs://skyflow-ae/frames_sample/frame_030_idx07314.jpg,1557952,3840,2160,0.000000,2026-06-07T13:16:21.297624+00:00,2026-06-07T13:16:24.673713+00:00,3.376098,1,6,791,/Users/heng/Documents/skybridge/sim/video_clips/scripts/results/gcp_label_detection_with_response_json/0030_frame_030_idx07314.jpg.json,
20260607_131224_bb2a80e8,label,31,frame_031_idx07467.jpg,/Users/heng/Documents/skybridge/sim/video_clips/frames_sample/frame_031_idx07467.jpg,gs://skyflow-ae/frames_sample/frame_031_idx07467.jpg,581858,3840,2160,0.000000,2026-06-07T13:16:24.674206+00:00,2026-06-07T13:16:27.974546+00:00,3.300349,1,10,1369,/Users/heng/Documents/skybridge/sim/video_clips/scripts/results/gcp_label_detection_with_response_json/0031_frame_031_idx07467.jpg.json,
20260607_131224_bb2a80e8,label,32,frame_032_idx07623.jpg,/Users/heng/Documents/skybridge/sim/video_clips/frames_sample/frame_032_idx07623.jpg,gs://skyflow-ae/frames_sample/frame_032_idx07623.jpg,1962708,3840,2160,0.000000,2026-06-07T13:16:27.975111+00:00,2026-06-07T13:16:31.855682+00:00,3.880584,1,10,1353,/Users/heng/Documents/skybridge/sim/video_clips/scripts/results/gcp_label_detection_with_response_json/0032_frame_032_idx07623.jpg.json,
20260607_131224_bb2a80e8,label,33,frame_033_idx07628.jpg,/Users/heng/Documents/skybridge/sim/video_clips/frames_sample/frame_033_idx07628.jpg,gs://skyflow-ae/frames_sample/frame_033_idx07628.jpg,1942007,3840,2160,0.000000,2026-06-07T13:16:31.856117+00:00,2026-06-07T13:16:36.199203+00:00,4.343101,1,10,1354,/Users/heng/Documents/skybridge/sim/video_clips/scripts/results/gcp_label_detection_with_response_json/0033_frame_033_idx07628.jpg.json,
20260607_131224_bb2a80e8,label,34,frame_034_idx08024.jpg,/Users/heng/Documents/skybridge/sim/video_clips/frames_sample/frame_034_idx08024.jpg,gs://skyflow-ae/frames_sample/frame_034_idx08024.jpg,578689,3840,2160,0.000000,2026-06-07T13:16:36.199585+00:00,2026-06-07T13:16:39.406019+00:00,3.206443,1,10,1368,/Users/heng/Documents/skybridge/sim/video_clips/scripts/results/gcp_label_detection_with_response_json/0034_frame_034_idx08024.jpg.json,
20260607_131224_bb2a80e8,label,35,frame_035_idx08667.jpg,/Users/heng/Documents/skybridge/sim/video_clips/frames_sample/frame_035_idx08667.jpg,gs://skyflow-ae/frames_sample/frame_035_idx08667.jpg,1364749,3840,2160,0.000000,2026-06-07T13:16:39.406517+00:00,2026-06-07T13:16:43.612789+00:00,4.206285,1,10,1353,/Users/heng/Documents/skybridge/sim/video_clips/scripts/results/gcp_label_detection_with_response_json/0035_frame_035_idx08667.jpg.json,
20260607_131224_bb2a80e8,label,36,frame_036_idx09012.jpg,/Users/heng/Documents/skybridge/sim/video_clips/frames_sample/frame_036_idx09012.jpg,gs://skyflow-ae/frames_sample/frame_036_idx09012.jpg,522373,3840,2160,0.000000,2026-06-07T13:16:43.613137+00:00,2026-06-07T13:16:46.796134+00:00,3.183006,1,10,1356,/Users/heng/Documents/skybridge/sim/video_clips/scripts/results/gcp_label_detection_with_response_json/0036_frame_036_idx09012.jpg.json,
20260607_131224_bb2a80e8,label,37,frame_037_idx09105.jpg,/Users/heng/Documents/skybridge/sim/video_clips/frames_sample/frame_037_idx09105.jpg,gs://skyflow-ae/frames_sample/frame_037_idx09105.jpg,470762,3840,2160,0.000000,2026-06-07T13:16:46.796649+00:00,2026-06-07T13:16:49.807850+00:00,3.011205,1,10,1361,/Users/heng/Documents/skybridge/sim/video_clips/scripts/results/gcp_label_detection_with_response_json/0037_frame_037_idx09105.jpg.json,
20260607_131224_bb2a80e8,label,38,frame_038_idx09108.jpg,/Users/heng/Documents/skybridge/sim/video_clips/frames_sample/frame_038_idx09108.jpg,gs://skyflow-ae/frames_sample/frame_038_idx09108.jpg,466020,3840,2160,0.000000,2026-06-07T13:16:49.815257+00:00,2026-06-07T13:16:52.870839+00:00,3.055581,1,10,1353,/Users/heng/Documents/skybridge/sim/video_clips/scripts/results/gcp_label_detection_with_response_json/0038_frame_038_idx09108.jpg.json,
20260607_131224_bb2a80e8,label,39,frame_039_idx09115.jpg,/Users/heng/Documents/skybridge/sim/video_clips/frames_sample/frame_039_idx09115.jpg,gs://skyflow-ae/frames_sample/frame_039_idx09115.jpg,468494,3840,2160,0.000000,2026-06-07T13:16:52.871218+00:00,2026-06-07T13:16:55.942639+00:00,3.071429,1,10,1361,/Users/heng/Documents/skybridge/sim/video_clips/scripts/results/gcp_label_detection_with_response_json/0039_frame_039_idx09115.jpg.json,
20260607_131224_bb2a80e8,label,40,frame_040_idx09482.jpg,/Users/heng/Documents/skybridge/sim/video_clips/frames_sample/frame_040_idx09482.jpg,gs://skyflow-ae/frames_sample/frame_040_idx09482.jpg,358481,3840,2160,0.000000,2026-06-07T13:16:55.943122+00:00,2026-06-07T13:16:59.131089+00:00,3.187972,1,7,934,/Users/heng/Documents/skybridge/sim/video_clips/scripts/results/gcp_label_detection_with_response_json/0040_frame_040_idx09482.jpg.json,
20260607_131224_bb2a80e8,label,41,frame_041_idx09606.jpg,/Users/heng/Documents/skybridge/sim/video_clips/frames_sample/frame_041_idx09606.jpg,gs://skyflow-ae/frames_sample/frame_041_idx09606.jpg,199519,3840,2160,0.000000,2026-06-07T13:16:59.131665+00:00,2026-06-07T13:17:02.268097+00:00,3.136436,1,7,924,/Users/heng/Documents/skybridge/sim/video_clips/scripts/results/gcp_label_detection_with_response_json/0041_frame_041_idx09606.jpg.json,
20260607_131224_bb2a80e8,label,42,frame_042_idx11029.jpg,/Users/heng/Documents/skybridge/sim/video_clips/frames_sample/frame_042_idx11029.jpg,gs://skyflow-ae/frames_sample/frame_042_idx11029.jpg,592189,3840,2160,0.000000,2026-06-07T13:17:02.268629+00:00,2026-06-07T13:17:05.497815+00:00,3.229190,1,7,930,/Users/heng/Documents/skybridge/sim/video_clips/scripts/results/gcp_label_detection_with_response_json/0042_frame_042_idx11029.jpg.json,
20260607_131224_bb2a80e8,label,43,frame_043_idx11149.jpg,/Users/heng/Documents/skybridge/sim/video_clips/frames_sample/frame_043_idx11149.jpg,gs://skyflow-ae/frames_sample/frame_043_idx11149.jpg,261633,3840,2160,0.000000,2026-06-07T13:17:05.498786+00:00,2026-06-07T13:17:08.585959+00:00,3.087172,1,10,1312,/Users/heng/Documents/skybridge/sim/video_clips/scripts/results/gcp_label_detection_with_response_json/0043_frame_043_idx11149.jpg.json,
20260607_131224_bb2a80e8,label,44,frame_044_idx11270.jpg,/Users/heng/Documents/skybridge/sim/video_clips/frames_sample/frame_044_idx11270.jpg,gs://skyflow-ae/frames_sample/frame_044_idx11270.jpg,385295,3840,2160,0.000000,2026-06-07T13:17:08.586532+00:00,2026-06-07T13:17:12.190441+00:00,3.603914,1,8,1056,/Users/heng/Documents/skybridge/sim/video_clips/scripts/results/gcp_label_detection_with_response_json/0044_frame_044_idx11270.jpg.json,
20260607_131224_bb2a80e8,label,45,frame_045_idx11641.jpg,/Users/heng/Documents/skybridge/sim/video_clips/frames_sample/frame_045_idx11641.jpg,gs://skyflow-ae/frames_sample/frame_045_idx11641.jpg,276750,3840,2160,0.000000,2026-06-07T13:17:12.191439+00:00,2026-06-07T13:17:15.902038+00:00,3.710598,1,10,1327,/Users/heng/Documents/skybridge/sim/video_clips/scripts/results/gcp_label_detection_with_response_json/0045_frame_045_idx11641.jpg.json,
20260607_131224_bb2a80e8,label,46,frame_046_idx11763.jpg,/Users/heng/Documents/skybridge/sim/video_clips/frames_sample/frame_046_idx11763.jpg,gs://skyflow-ae/frames_sample/frame_046_idx11763.jpg,205091,3840,2160,0.000000,2026-06-07T13:17:15.903083+00:00,2026-06-07T13:17:18.992628+00:00,3.089543,1,8,1067,/Users/heng/Documents/skybridge/sim/video_clips/scripts/results/gcp_label_detection_with_response_json/0046_frame_046_idx11763.jpg.json,
20260607_131224_bb2a80e8,label,47,frame_047_idx11850.jpg,/Users/heng/Documents/skybridge/sim/video_clips/frames_sample/frame_047_idx11850.jpg,gs://skyflow-ae/frames_sample/frame_047_idx11850.jpg,230972,3840,2160,0.000000,2026-06-07T13:17:18.993004+00:00,2026-06-07T13:17:21.957152+00:00,2.964154,1,4,542,/Users/heng/Documents/skybridge/sim/video_clips/scripts/results/gcp_label_detection_with_response_json/0047_frame_047_idx11850.jpg.json,
20260607_131224_bb2a80e8,label,48,frame_048_idx11954.jpg,/Users/heng/Documents/skybridge/sim/video_clips/frames_sample/frame_048_idx11954.jpg,gs://skyflow-ae/frames_sample/frame_048_idx11954.jpg,287642,3840,2160,0.000000,2026-06-07T13:17:21.958037+00:00,2026-06-07T13:17:25.035185+00:00,3.077147,1,6,808,/Users/heng/Documents/skybridge/sim/video_clips/scripts/results/gcp_label_detection_with_response_json/0048_frame_048_idx11954.jpg.json,
20260607_131224_bb2a80e8,label,49,frame_049_idx12130.jpg,/Users/heng/Documents/skybridge/sim/video_clips/frames_sample/frame_049_idx12130.jpg,gs://skyflow-ae/frames_sample/frame_049_idx12130.jpg,227588,3840,2160,0.000000,2026-06-07T13:17:25.035657+00:00,2026-06-07T13:17:29.000636+00:00,3.964983,1,9,1184,/Users/heng/Documents/skybridge/sim/video_clips/scripts/results/gcp_label_detection_with_response_json/0049_frame_049_idx12130.jpg.json,
20260607_131224_bb2a80e8,label,50,frame_050_idx12403.jpg,/Users/heng/Documents/skybridge/sim/video_clips/frames_sample/frame_050_idx12403.jpg,gs://skyflow-ae/frames_sample/frame_050_idx12403.jpg,775926,3840,2160,0.000000,2026-06-07T13:17:29.001729+00:00,2026-06-07T13:17:33.185777+00:00,4.184049,1,10,1310,/Users/heng/Documents/skybridge/sim/video_clips/scripts/results/gcp_label_detection_with_response_json/0050_frame_050_idx12403.jpg.json,
20260607_131224_bb2a80e8,label,51,frame_051_idx12449.jpg,/Users/heng/Documents/skybridge/sim/video_clips/frames_sample/frame_051_idx12449.jpg,gs://skyflow-ae/frames_sample/frame_051_idx12449.jpg,744939,3840,2160,0.000000,2026-06-07T13:17:33.186703+00:00,2026-06-07T13:17:36.798383+00:00,3.611681,1,8,1049,/Users/heng/Documents/skybridge/sim/video_clips/scripts/results/gcp_label_detection_with_response_json/0051_frame_051_idx12449.jpg.json,
20260607_131224_bb2a80e8,label,52,frame_052_idx12455.jpg,/Users/heng/Documents/skybridge/sim/video_clips/frames_sample/frame_052_idx12455.jpg,gs://skyflow-ae/frames_sample/frame_052_idx12455.jpg,744019,3840,2160,0.000000,2026-06-07T13:17:36.799048+00:00,2026-06-07T13:17:40.224187+00:00,3.425135,1,8,1053,/Users/heng/Documents/skybridge/sim/video_clips/scripts/results/gcp_label_detection_with_response_json/0052_frame_052_idx12455.jpg.json,
20260607_131224_bb2a80e8,label,53,frame_053_idx13746.jpg,/Users/heng/Documents/skybridge/sim/video_clips/frames_sample/frame_053_idx13746.jpg,gs://skyflow-ae/frames_sample/frame_053_idx13746.jpg,181585,3840,2160,0.000000,2026-06-07T13:17:40.225444+00:00,2026-06-07T13:17:43.432204+00:00,3.206750,1,10,1309,/Users/heng/Documents/skybridge/sim/video_clips/scripts/results/gcp_label_detection_with_response_json/0053_frame_053_idx13746.jpg.json,
20260607_131224_bb2a80e8,label,54,frame_054_idx13825.jpg,/Users/heng/Documents/skybridge/sim/video_clips/frames_sample/frame_054_idx13825.jpg,gs://skyflow-ae/frames_sample/frame_054_idx13825.jpg,185675,3840,2160,0.000000,2026-06-07T13:17:43.432806+00:00,2026-06-07T13:17:46.252262+00:00,2.819458,1,9,1176,/Users/heng/Documents/skybridge/sim/video_clips/scripts/results/gcp_label_detection_with_response_json/0054_frame_054_idx13825.jpg.json,
20260607_131224_bb2a80e8,label,55,frame_055_idx13848.jpg,/Users/heng/Documents/skybridge/sim/video_clips/frames_sample/frame_055_idx13848.jpg,gs://skyflow-ae/frames_sample/frame_055_idx13848.jpg,169944,3840,2160,0.000000,2026-06-07T13:17:46.253197+00:00,2026-06-07T13:17:49.245667+00:00,2.992458,1,8,1046,/Users/heng/Documents/skybridge/sim/video_clips/scripts/results/gcp_label_detection_with_response_json/0055_frame_055_idx13848.jpg.json,
20260607_131224_bb2a80e8,label,56,frame_056_idx14719.jpg,/Users/heng/Documents/skybridge/sim/video_clips/frames_sample/frame_056_idx14719.jpg,gs://skyflow-ae/frames_sample/frame_056_idx14719.jpg,270790,3840,2160,0.000000,2026-06-07T13:17:49.246087+00:00,2026-06-07T13:17:52.325072+00:00,3.078990,1,3,422,/Users/heng/Documents/skybridge/sim/video_clips/scripts/results/gcp_label_detection_with_response_json/0056_frame_056_idx14719.jpg.json,
20260607_131224_bb2a80e8,label,57,frame_057_idx14857.jpg,/Users/heng/Documents/skybridge/sim/video_clips/frames_sample/frame_057_idx14857.jpg,gs://skyflow-ae/frames_sample/frame_057_idx14857.jpg,545189,3840,2160,0.000000,2026-06-07T13:17:52.325506+00:00,2026-06-07T13:17:55.932729+00:00,3.607232,1,1,169,/Users/heng/Documents/skybridge/sim/video_clips/scripts/results/gcp_label_detection_with_response_json/0057_frame_057_idx14857.jpg.json,
20260607_131224_bb2a80e8,label,58,frame_058_idx15054.jpg,/Users/heng/Documents/skybridge/sim/video_clips/frames_sample/frame_058_idx15054.jpg,gs://skyflow-ae/frames_sample/frame_058_idx15054.jpg,394243,3840,2160,0.000000,2026-06-07T13:17:55.933224+00:00,2026-06-07T13:17:58.994901+00:00,3.061681,1,5,683,/Users/heng/Documents/skybridge/sim/video_clips/scripts/results/gcp_label_detection_with_response_json/0058_frame_058_idx15054.jpg.json,
20260607_131224_bb2a80e8,label,59,frame_059_idx16559.jpg,/Users/heng/Documents/skybridge/sim/video_clips/frames_sample/frame_059_idx16559.jpg,gs://skyflow-ae/frames_sample/frame_059_idx16559.jpg,454450,3840,2160,0.000000,2026-06-07T13:17:58.995212+00:00,2026-06-07T13:18:02.402468+00:00,3.407266,1,10,1336,/Users/heng/Documents/skybridge/sim/video_clips/scripts/results/gcp_label_detection_with_response_json/0059_frame_059_idx16559.jpg.json,
20260607_131224_bb2a80e8,label,60,frame_060_idx17571.jpg,/Users/heng/Documents/skybridge/sim/video_clips/frames_sample/frame_060_idx17571.jpg,gs://skyflow-ae/frames_sample/frame_060_idx17571.jpg,207235,3840,2160,0.000000,2026-06-07T13:18:02.402865+00:00,2026-06-07T13:18:05.384726+00:00,2.981868,1,1,155,/Users/heng/Documents/skybridge/sim/video_clips/scripts/results/gcp_label_detection_with_response_json/0060_frame_060_idx17571.jpg.json,
20260607_131224_bb2a80e8,label,61,frame_061_idx17856.jpg,/Users/heng/Documents/skybridge/sim/video_clips/frames_sample/frame_061_idx17856.jpg,gs://skyflow-ae/frames_sample/frame_061_idx17856.jpg,154377,3840,2160,0.000000,2026-06-07T13:18:05.385077+00:00,2026-06-07T13:18:08.289125+00:00,2.904052,1,3,428,/Users/heng/Documents/skybridge/sim/video_clips/scripts/results/gcp_label_detection_with_response_json/0061_frame_061_idx17856.jpg.json,
20260607_131224_bb2a80e8,label,62,frame_062_idx17870.jpg,/Users/heng/Documents/skybridge/sim/video_clips/frames_sample/frame_062_idx17870.jpg,gs://skyflow-ae/frames_sample/frame_062_idx17870.jpg,240638,3840,2160,0.000000,2026-06-07T13:18:08.289543+00:00,2026-06-07T13:18:11.438980+00:00,3.149445,1,2,299,/Users/heng/Documents/skybridge/sim/video_clips/scripts/results/gcp_label_detection_with_response_json/0062_frame_062_idx17870.jpg.json,
20260607_131224_bb2a80e8,label,63,frame_063_idx18089.jpg,/Users/heng/Documents/skybridge/sim/video_clips/frames_sample/frame_063_idx18089.jpg,gs://skyflow-ae/frames_sample/frame_063_idx18089.jpg,878853,3840,2160,0.000000,2026-06-07T13:18:11.439389+00:00,2026-06-07T13:18:14.670428+00:00,3.231043,1,10,1346,/Users/heng/Documents/skybridge/sim/video_clips/scripts/results/gcp_label_detection_with_response_json/0063_frame_063_idx18089.jpg.json,
20260607_131224_bb2a80e8,label,64,frame_064_idx18390.jpg,/Users/heng/Documents/skybridge/sim/video_clips/frames_sample/frame_064_idx18390.jpg,gs://skyflow-ae/frames_sample/frame_064_idx18390.jpg,654524,3840,2160,0.000000,2026-06-07T13:18:14.672092+00:00,2026-06-07T13:18:18.914474+00:00,4.242359,1,5,679,/Users/heng/Documents/skybridge/sim/video_clips/scripts/results/gcp_label_detection_with_response_json/0064_frame_064_idx18390.jpg.json,
20260607_131224_bb2a80e8,label,65,frame_065_idx18918.jpg,/Users/heng/Documents/skybridge/sim/video_clips/frames_sample/frame_065_idx18918.jpg,gs://skyflow-ae/frames_sample/frame_065_idx18918.jpg,370342,3840,2160,0.000000,2026-06-07T13:18:18.915836+00:00,2026-06-07T13:18:22.141066+00:00,3.225224,1,10,1348,/Users/heng/Documents/skybridge/sim/video_clips/scripts/results/gcp_label_detection_with_response_json/0065_frame_065_idx18918.jpg.json,
20260607_131224_bb2a80e8,label,66,frame_066_idx19309.jpg,/Users/heng/Documents/skybridge/sim/video_clips/frames_sample/frame_066_idx19309.jpg,gs://skyflow-ae/frames_sample/frame_066_idx19309.jpg,669499,3840,2160,0.000000,2026-06-07T13:18:22.141675+00:00,2026-06-07T13:18:25.740456+00:00,3.598785,1,3,404,/Users/heng/Documents/skybridge/sim/video_clips/scripts/results/gcp_label_detection_with_response_json/0066_frame_066_idx19309.jpg.json,
20260607_131224_bb2a80e8,label,67,frame_067_idx19349.jpg,/Users/heng/Documents/skybridge/sim/video_clips/frames_sample/frame_067_idx19349.jpg,gs://skyflow-ae/frames_sample/frame_067_idx19349.jpg,711652,3840,2160,0.000000,2026-06-07T13:18:25.741439+00:00,2026-06-07T13:18:28.835641+00:00,3.094199,1,4,547,/Users/heng/Documents/skybridge/sim/video_clips/scripts/results/gcp_label_detection_with_response_json/0067_frame_067_idx19349.jpg.json,
20260607_131224_bb2a80e8,label,68,frame_068_idx19726.jpg,/Users/heng/Documents/skybridge/sim/video_clips/frames_sample/frame_068_idx19726.jpg,gs://skyflow-ae/frames_sample/frame_068_idx19726.jpg,723906,3840,2160,0.000000,2026-06-07T13:18:28.836161+00:00,2026-06-07T13:18:32.108985+00:00,3.272830,1,10,1339,/Users/heng/Documents/skybridge/sim/video_clips/scripts/results/gcp_label_detection_with_response_json/0068_frame_068_idx19726.jpg.json,
20260607_131224_bb2a80e8,label,69,frame_069_idx19782.jpg,/Users/heng/Documents/skybridge/sim/video_clips/frames_sample/frame_069_idx19782.jpg,gs://skyflow-ae/frames_sample/frame_069_idx19782.jpg,742190,3840,2160,0.000000,2026-06-07T13:18:32.109540+00:00,2026-06-07T13:18:35.402035+00:00,3.292501,1,10,1340,/Users/heng/Documents/skybridge/sim/video_clips/scripts/results/gcp_label_detection_with_response_json/0069_frame_069_idx19782.jpg.json,
20260607_131224_bb2a80e8,label,70,frame_070_idx20267.jpg,/Users/heng/Documents/skybridge/sim/video_clips/frames_sample/frame_070_idx20267.jpg,gs://skyflow-ae/frames_sample/frame_070_idx20267.jpg,609733,3840,2160,0.000000,2026-06-07T13:18:35.402322+00:00,2026-06-07T13:18:38.662812+00:00,3.260496,1,8,1058,/Users/heng/Documents/skybridge/sim/video_clips/scripts/results/gcp_label_detection_with_response_json/0070_frame_070_idx20267.jpg.json,
20260607_131224_bb2a80e8,label,71,frame_071_idx20599.jpg,/Users/heng/Documents/skybridge/sim/video_clips/frames_sample/frame_071_idx20599.jpg,gs://skyflow-ae/frames_sample/frame_071_idx20599.jpg,188281,3840,2160,0.000000,2026-06-07T13:18:38.664329+00:00,2026-06-07T13:18:41.675501+00:00,3.011165,1,6,799,/Users/heng/Documents/skybridge/sim/video_clips/scripts/results/gcp_label_detection_with_response_json/0071_frame_071_idx20599.jpg.json,
20260607_131224_bb2a80e8,label,72,frame_072_idx20830.jpg,/Users/heng/Documents/skybridge/sim/video_clips/frames_sample/frame_072_idx20830.jpg,gs://skyflow-ae/frames_sample/frame_072_idx20830.jpg,218795,3840,2160,0.000000,2026-06-07T13:18:41.676370+00:00,2026-06-07T13:18:44.542615+00:00,2.866241,1,6,803,/Users/heng/Documents/skybridge/sim/video_clips/scripts/results/gcp_label_detection_with_response_json/0072_frame_072_idx20830.jpg.json,
20260607_131224_bb2a80e8,label,73,frame_073_idx20952.jpg,/Users/heng/Documents/skybridge/sim/video_clips/frames_sample/frame_073_idx20952.jpg,gs://skyflow-ae/frames_sample/frame_073_idx20952.jpg,238914,3840,2160,0.000000,2026-06-07T13:18:44.543566+00:00,2026-06-07T13:18:47.424770+00:00,2.881200,1,8,1077,/Users/heng/Documents/skybridge/sim/video_clips/scripts/results/gcp_label_detection_with_response_json/0073_frame_073_idx20952.jpg.json,
20260607_131224_bb2a80e8,label,74,frame_074_idx21295.jpg,/Users/heng/Documents/skybridge/sim/video_clips/frames_sample/frame_074_idx21295.jpg,gs://skyflow-ae/frames_sample/frame_074_idx21295.jpg,503881,3840,2160,0.000000,2026-06-07T13:18:47.425727+00:00,2026-06-07T13:18:50.201982+00:00,2.776249,1,10,1325,/Users/heng/Documents/skybridge/sim/video_clips/scripts/results/gcp_label_detection_with_response_json/0074_frame_074_idx21295.jpg.json,
20260607_131224_bb2a80e8,label,75,frame_075_idx21668.jpg,/Users/heng/Documents/skybridge/sim/video_clips/frames_sample/frame_075_idx21668.jpg,gs://skyflow-ae/frames_sample/frame_075_idx21668.jpg,233217,3840,2160,0.000000,2026-06-07T13:18:50.202969+00:00,2026-06-07T13:18:53.180180+00:00,2.977207,1,10,1335,/Users/heng/Documents/skybridge/sim/video_clips/scripts/results/gcp_label_detection_with_response_json/0075_frame_075_idx21668.jpg.json,
20260607_131224_bb2a80e8,label,76,frame_076_idx21960.jpg,/Users/heng/Documents/skybridge/sim/video_clips/frames_sample/frame_076_idx21960.jpg,gs://skyflow-ae/frames_sample/frame_076_idx21960.jpg,641475,3840,2160,0.000000,2026-06-07T13:18:53.180562+00:00,2026-06-07T13:18:56.379422+00:00,3.198865,1,10,1338,/Users/heng/Documents/skybridge/sim/video_clips/scripts/results/gcp_label_detection_with_response_json/0076_frame_076_idx21960.jpg.json,
20260607_131224_bb2a80e8,label,77,frame_077_idx22174.jpg,/Users/heng/Documents/skybridge/sim/video_clips/frames_sample/frame_077_idx22174.jpg,gs://skyflow-ae/frames_sample/frame_077_idx22174.jpg,1079171,3840,2160,0.000000,2026-06-07T13:18:56.380435+00:00,2026-06-07T13:18:59.657844+00:00,3.277398,1,10,1309,/Users/heng/Documents/skybridge/sim/video_clips/scripts/results/gcp_label_detection_with_response_json/0077_frame_077_idx22174.jpg.json,
20260607_131224_bb2a80e8,label,78,frame_078_idx22876.jpg,/Users/heng/Documents/skybridge/sim/video_clips/frames_sample/frame_078_idx22876.jpg,gs://skyflow-ae/frames_sample/frame_078_idx22876.jpg,903242,3840,2160,0.000000,2026-06-07T13:18:59.658816+00:00,2026-06-07T13:19:02.898124+00:00,3.239305,1,10,1336,/Users/heng/Documents/skybridge/sim/video_clips/scripts/results/gcp_label_detection_with_response_json/0078_frame_078_idx22876.jpg.json,
20260607_131224_bb2a80e8,label,79,frame_079_idx22981.jpg,/Users/heng/Documents/skybridge/sim/video_clips/frames_sample/frame_079_idx22981.jpg,gs://skyflow-ae/frames_sample/frame_079_idx22981.jpg,594336,3840,2160,0.000000,2026-06-07T13:19:02.899453+00:00,2026-06-07T13:19:05.953591+00:00,3.054131,1,10,1322,/Users/heng/Documents/skybridge/sim/video_clips/scripts/results/gcp_label_detection_with_response_json/0079_frame_079_idx22981.jpg.json,
20260607_131224_bb2a80e8,label,80,frame_080_idx23087.jpg,/Users/heng/Documents/skybridge/sim/video_clips/frames_sample/frame_080_idx23087.jpg,gs://skyflow-ae/frames_sample/frame_080_idx23087.jpg,462489,3840,2160,0.000000,2026-06-07T13:19:05.954016+00:00,2026-06-07T13:19:09.089521+00:00,3.135513,1,10,1305,/Users/heng/Documents/skybridge/sim/video_clips/scripts/results/gcp_label_detection_with_response_json/0080_frame_080_idx23087.jpg.json,
20260607_131224_bb2a80e8,label,81,frame_081_idx23462.jpg,/Users/heng/Documents/skybridge/sim/video_clips/frames_sample/frame_081_idx23462.jpg,gs://skyflow-ae/frames_sample/frame_081_idx23462.jpg,525644,3840,2160,0.000000,2026-06-07T13:19:09.090105+00:00,2026-06-07T13:19:12.308657+00:00,3.218553,1,10,1332,/Users/heng/Documents/skybridge/sim/video_clips/scripts/results/gcp_label_detection_with_response_json/0081_frame_081_idx23462.jpg.json,
20260607_131224_bb2a80e8,label,82,frame_082_idx23911.jpg,/Users/heng/Documents/skybridge/sim/video_clips/frames_sample/frame_082_idx23911.jpg,gs://skyflow-ae/frames_sample/frame_082_idx23911.jpg,643492,3840,2160,0.000000,2026-06-07T13:19:12.309792+00:00,2026-06-07T13:19:15.518412+00:00,3.208614,1,10,1323,/Users/heng/Documents/skybridge/sim/video_clips/scripts/results/gcp_label_detection_with_response_json/0082_frame_082_idx23911.jpg.json,
20260607_131224_bb2a80e8,label,83,frame_083_idx24132.jpg,/Users/heng/Documents/skybridge/sim/video_clips/frames_sample/frame_083_idx24132.jpg,gs://skyflow-ae/frames_sample/frame_083_idx24132.jpg,221183,3840,2160,0.000000,2026-06-07T13:19:15.519518+00:00,2026-06-07T13:19:18.614783+00:00,3.095238,1,10,1307,/Users/heng/Documents/skybridge/sim/video_clips/scripts/results/gcp_label_detection_with_response_json/0083_frame_083_idx24132.jpg.json,
20260607_131224_bb2a80e8,label,84,frame_084_idx24270.jpg,/Users/heng/Documents/skybridge/sim/video_clips/frames_sample/frame_084_idx24270.jpg,gs://skyflow-ae/frames_sample/frame_084_idx24270.jpg,747653,3840,2160,0.000000,2026-06-07T13:19:18.615239+00:00,2026-06-07T13:19:21.861745+00:00,3.246512,1,10,1318,/Users/heng/Documents/skybridge/sim/video_clips/scripts/results/gcp_label_detection_with_response_json/0084_frame_084_idx24270.jpg.json,
20260607_131224_bb2a80e8,label,85,frame_085_idx24299.jpg,/Users/heng/Documents/skybridge/sim/video_clips/frames_sample/frame_085_idx24299.jpg,gs://skyflow-ae/frames_sample/frame_085_idx24299.jpg,713975,3840,2160,0.000000,2026-06-07T13:19:21.862768+00:00,2026-06-07T13:19:25.052714+00:00,3.189945,1,10,1321,/Users/heng/Documents/skybridge/sim/video_clips/scripts/results/gcp_label_detection_with_response_json/0085_frame_085_idx24299.jpg.json,
20260607_131224_bb2a80e8,label,86,frame_086_idx24864.jpg,/Users/heng/Documents/skybridge/sim/video_clips/frames_sample/frame_086_idx24864.jpg,gs://skyflow-ae/frames_sample/frame_086_idx24864.jpg,227064,3840,2160,0.000000,2026-06-07T13:19:25.053302+00:00,2026-06-07T13:19:28.029944+00:00,2.976645,1,7,931,/Users/heng/Documents/skybridge/sim/video_clips/scripts/results/gcp_label_detection_with_response_json/0086_frame_086_idx24864.jpg.json,
20260607_131224_bb2a80e8,label,87,frame_087_idx25018.jpg,/Users/heng/Documents/skybridge/sim/video_clips/frames_sample/frame_087_idx25018.jpg,gs://skyflow-ae/frames_sample/frame_087_idx25018.jpg,678413,3840,2160,0.000000,2026-06-07T13:19:28.030322+00:00,2026-06-07T13:19:31.273678+00:00,3.243362,1,6,809,/Users/heng/Documents/skybridge/sim/video_clips/scripts/results/gcp_label_detection_with_response_json/0087_frame_087_idx25018.jpg.json,
20260607_131224_bb2a80e8,label,88,frame_088_idx25331.jpg,/Users/heng/Documents/skybridge/sim/video_clips/frames_sample/frame_088_idx25331.jpg,gs://skyflow-ae/frames_sample/frame_088_idx25331.jpg,760531,3840,2160,0.000000,2026-06-07T13:19:31.275496+00:00,2026-06-07T13:19:34.515559+00:00,3.240008,1,3,424,/Users/heng/Documents/skybridge/sim/video_clips/scripts/results/gcp_label_detection_with_response_json/0088_frame_088_idx25331.jpg.json,
20260607_131224_bb2a80e8,label,89,frame_089_idx26405.jpg,/Users/heng/Documents/skybridge/sim/video_clips/frames_sample/frame_089_idx26405.jpg,gs://skyflow-ae/frames_sample/frame_089_idx26405.jpg,441630,3840,2160,0.000000,2026-06-07T13:19:34.516063+00:00,2026-06-07T13:19:37.858972+00:00,3.342915,1,5,695,/Users/heng/Documents/skybridge/sim/video_clips/scripts/results/gcp_label_detection_with_response_json/0089_frame_089_idx26405.jpg.json,
20260607_131224_bb2a80e8,label,90,frame_090_idx26447.jpg,/Users/heng/Documents/skybridge/sim/video_clips/frames_sample/frame_090_idx26447.jpg,gs://skyflow-ae/frames_sample/frame_090_idx26447.jpg,421180,3840,2160,0.000000,2026-06-07T13:19:37.859538+00:00,2026-06-07T13:19:40.900882+00:00,3.041349,1,7,950,/Users/heng/Documents/skybridge/sim/video_clips/scripts/results/gcp_label_detection_with_response_json/0090_frame_090_idx26447.jpg.json,
20260607_131224_bb2a80e8,label,91,frame_091_idx26523.jpg,/Users/heng/Documents/skybridge/sim/video_clips/frames_sample/frame_091_idx26523.jpg,gs://skyflow-ae/frames_sample/frame_091_idx26523.jpg,420470,3840,2160,0.000000,2026-06-07T13:19:40.901278+00:00,2026-06-07T13:19:44.172219+00:00,3.270944,1,9,1196,/Users/heng/Documents/skybridge/sim/video_clips/scripts/results/gcp_label_detection_with_response_json/0091_frame_091_idx26523.jpg.json,
20260607_131224_bb2a80e8,label,92,frame_092_idx27177.jpg,/Users/heng/Documents/skybridge/sim/video_clips/frames_sample/frame_092_idx27177.jpg,gs://skyflow-ae/frames_sample/frame_092_idx27177.jpg,266900,3840,2160,0.000000,2026-06-07T13:19:44.173420+00:00,2026-06-07T13:19:47.123185+00:00,2.949742,1,10,1326,/Users/heng/Documents/skybridge/sim/video_clips/scripts/results/gcp_label_detection_with_response_json/0092_frame_092_idx27177.jpg.json,
20260607_131224_bb2a80e8,label,93,frame_093_idx27332.jpg,/Users/heng/Documents/skybridge/sim/video_clips/frames_sample/frame_093_idx27332.jpg,gs://skyflow-ae/frames_sample/frame_093_idx27332.jpg,554817,3840,2160,0.000000,2026-06-07T13:19:47.123603+00:00,2026-06-07T13:19:50.441358+00:00,3.317765,1,7,940,/Users/heng/Documents/skybridge/sim/video_clips/scripts/results/gcp_label_detection_with_response_json/0093_frame_093_idx27332.jpg.json,
20260607_131224_bb2a80e8,label,94,frame_094_idx27770.jpg,/Users/heng/Documents/skybridge/sim/video_clips/frames_sample/frame_094_idx27770.jpg,gs://skyflow-ae/frames_sample/frame_094_idx27770.jpg,611551,3840,2160,0.000000,2026-06-07T13:19:50.441920+00:00,2026-06-07T13:19:53.593894+00:00,3.151979,1,10,1332,/Users/heng/Documents/skybridge/sim/video_clips/scripts/results/gcp_label_detection_with_response_json/0094_frame_094_idx27770.jpg.json,
20260607_131224_bb2a80e8,label,95,frame_095_idx28027.jpg,/Users/heng/Documents/skybridge/sim/video_clips/frames_sample/frame_095_idx28027.jpg,gs://skyflow-ae/frames_sample/frame_095_idx28027.jpg,347665,3840,2160,0.000000,2026-06-07T13:19:53.594293+00:00,2026-06-07T13:19:56.311610+00:00,2.717321,1,9,1199,/Users/heng/Documents/skybridge/sim/video_clips/scripts/results/gcp_label_detection_with_response_json/0095_frame_095_idx28027.jpg.json,
20260607_131224_bb2a80e8,label,96,frame_096_idx28236.jpg,/Users/heng/Documents/skybridge/sim/video_clips/frames_sample/frame_096_idx28236.jpg,gs://skyflow-ae/frames_sample/frame_096_idx28236.jpg,399244,3840,2160,0.000000,2026-06-07T13:19:56.312624+00:00,2026-06-07T13:19:59.405681+00:00,3.093054,1,7,942,/Users/heng/Documents/skybridge/sim/video_clips/scripts/results/gcp_label_detection_with_response_json/0096_frame_096_idx28236.jpg.json,
20260607_131224_bb2a80e8,label,97,frame_097_idx28392.jpg,/Users/heng/Documents/skybridge/sim/video_clips/frames_sample/frame_097_idx28392.jpg,gs://skyflow-ae/frames_sample/frame_097_idx28392.jpg,303626,3840,2160,0.000000,2026-06-07T13:19:59.408011+00:00,2026-06-07T13:20:02.551851+00:00,3.143803,1,10,1325,/Users/heng/Documents/skybridge/sim/video_clips/scripts/results/gcp_label_detection_with_response_json/0097_frame_097_idx28392.jpg.json,
20260607_131224_bb2a80e8,label,98,frame_098_idx28485.jpg,/Users/heng/Documents/skybridge/sim/video_clips/frames_sample/frame_098_idx28485.jpg,gs://skyflow-ae/frames_sample/frame_098_idx28485.jpg,333832,3840,2160,0.000000,2026-06-07T13:20:02.552891+00:00,2026-06-07T13:20:05.575499+00:00,3.022598,1,10,1320,/Users/heng/Documents/skybridge/sim/video_clips/scripts/results/gcp_label_detection_with_response_json/0098_frame_098_idx28485.jpg.json,
20260607_131224_bb2a80e8,label,99,frame_099_idx29014.jpg,/Users/heng/Documents/skybridge/sim/video_clips/frames_sample/frame_099_idx29014.jpg,gs://skyflow-ae/frames_sample/frame_099_idx29014.jpg,380764,3840,2160,0.000000,2026-06-07T13:20:05.576371+00:00,2026-06-07T13:20:08.021679+00:00,2.445302,1,10,1337,/Users/heng/Documents/skybridge/sim/video_clips/scripts/results/gcp_label_detection_with_response_json/0099_frame_099_idx29014.jpg.json,
20260607_131224_bb2a80e8,label,100,frame_100_idx29234.jpg,/Users/heng/Documents/skybridge/sim/video_clips/frames_sample/frame_100_idx29234.jpg,gs://skyflow-ae/frames_sample/frame_100_idx29234.jpg,722357,3840,2160,0.000000,2026-06-07T13:20:08.022540+00:00,2026-06-07T13:20:11.647496+00:00,3.624957,1,7,935,/Users/heng/Documents/skybridge/sim/video_clips/scripts/results/gcp_label_detection_with_response_json/0100_frame_100_idx29234.jpg.json,
