run_id,feature,index,image_name,image_path,gcs_uri,image_size_bytes,width,height,upload_sec,start_utc,end_utc,execution_time_sec,success,detection_count,error_message
20260606_122418_bcaf80fe,label,1,frame_001_idx00212.jpg,/Users/heng/Documents/skybridge/sim/video_clips/frames_sample/frame_001_idx00212.jpg,gs://skyflow-ae/frames_sample/frame_001_idx00212.jpg,325855,3840,2160,1.281718,2026-06-06T12:27:38.254180+00:00,2026-06-06T12:27:44.472088+00:00,6.218026,1,3,
20260606_122418_bcaf80fe,label,2,frame_002_idx00819.jpg,/Users/heng/Documents/skybridge/sim/video_clips/frames_sample/frame_002_idx00819.jpg,gs://skyflow-ae/frames_sample/frame_002_idx00819.jpg,841818,3840,2160,1.672674,2026-06-06T12:27:44.472222+00:00,2026-06-06T12:27:48.165395+00:00,3.693248,1,8,
20260606_122418_bcaf80fe,label,3,frame_003_idx00869.jpg,/Users/heng/Documents/skybridge/sim/video_clips/frames_sample/frame_003_idx00869.jpg,gs://skyflow-ae/frames_sample/frame_003_idx00869.jpg,242573,3840,2160,1.455968,2026-06-06T12:27:48.165603+00:00,2026-06-06T12:27:52.071549+00:00,3.906022,1,10,
20260606_122418_bcaf80fe,label,4,frame_004_idx00976.jpg,/Users/heng/Documents/skybridge/sim/video_clips/frames_sample/frame_004_idx00976.jpg,gs://skyflow-ae/frames_sample/frame_004_idx00976.jpg,255499,3840,2160,1.368318,2026-06-06T12:27:52.071658+00:00,2026-06-06T12:27:56.198645+00:00,4.127074,1,10,
20260606_122418_bcaf80fe,label,5,frame_005_idx01041.jpg,/Users/heng/Documents/skybridge/sim/video_clips/frames_sample/frame_005_idx01041.jpg,gs://skyflow-ae/frames_sample/frame_005_idx01041.jpg,259684,3840,2160,1.438274,2026-06-06T12:27:56.198748+00:00,2026-06-06T12:28:00.378492+00:00,4.179826,1,10,
20260606_122418_bcaf80fe,label,6,frame_006_idx01423.jpg,/Users/heng/Documents/skybridge/sim/video_clips/frames_sample/frame_006_idx01423.jpg,gs://skyflow-ae/frames_sample/frame_006_idx01423.jpg,357458,3840,2160,1.601933,2026-06-06T12:28:00.378775+00:00,2026-06-06T12:28:04.574131+00:00,4.195434,1,10,
20260606_122418_bcaf80fe,label,7,frame_007_idx01501.jpg,/Users/heng/Documents/skybridge/sim/video_clips/frames_sample/frame_007_idx01501.jpg,gs://skyflow-ae/frames_sample/frame_007_idx01501.jpg,1123118,3840,2160,1.895580,2026-06-06T12:28:04.574224+00:00,2026-06-06T12:28:08.965327+00:00,4.391196,1,10,
20260606_122418_bcaf80fe,label,8,frame_008_idx02279.jpg,/Users/heng/Documents/skybridge/sim/video_clips/frames_sample/frame_008_idx02279.jpg,gs://skyflow-ae/frames_sample/frame_008_idx02279.jpg,500299,3840,2160,1.655673,2026-06-06T12:28:08.965434+00:00,2026-06-06T12:28:13.178100+00:00,4.212751,1,4,
20260606_122418_bcaf80fe,label,9,frame_009_idx02582.jpg,/Users/heng/Documents/skybridge/sim/video_clips/frames_sample/frame_009_idx02582.jpg,gs://skyflow-ae/frames_sample/frame_009_idx02582.jpg,359887,3840,2160,1.413345,2026-06-06T12:28:13.178279+00:00,2026-06-06T12:28:17.280136+00:00,4.101937,1,10,
20260606_122418_bcaf80fe,label,10,frame_010_idx02614.jpg,/Users/heng/Documents/skybridge/sim/video_clips/frames_sample/frame_010_idx02614.jpg,gs://skyflow-ae/frames_sample/frame_010_idx02614.jpg,351911,3840,2160,1.513136,2026-06-06T12:28:17.280277+00:00,2026-06-06T12:28:21.396046+00:00,4.115853,1,10,
20260606_122418_bcaf80fe,label,11,frame_011_idx02848.jpg,/Users/heng/Documents/skybridge/sim/video_clips/frames_sample/frame_011_idx02848.jpg,gs://skyflow-ae/frames_sample/frame_011_idx02848.jpg,482857,3840,2160,1.509092,2026-06-06T12:28:21.396172+00:00,2026-06-06T12:28:25.590347+00:00,4.194261,1,10,
20260606_122418_bcaf80fe,label,12,frame_012_idx03039.jpg,/Users/heng/Documents/skybridge/sim/video_clips/frames_sample/frame_012_idx03039.jpg,gs://skyflow-ae/frames_sample/frame_012_idx03039.jpg,202402,3840,2160,1.381143,2026-06-06T12:28:25.590557+00:00,2026-06-06T12:28:28.486262+00:00,2.895751,1,2,
20260606_122418_bcaf80fe,label,13,frame_013_idx03070.jpg,/Users/heng/Documents/skybridge/sim/video_clips/frames_sample/frame_013_idx03070.jpg,gs://skyflow-ae/frames_sample/frame_013_idx03070.jpg,209946,3840,2160,1.257206,2026-06-06T12:28:28.486423+00:00,2026-06-06T12:28:31.349619+00:00,2.863244,1,3,
20260606_122418_bcaf80fe,label,14,frame_014_idx03169.jpg,/Users/heng/Documents/skybridge/sim/video_clips/frames_sample/frame_014_idx03169.jpg,gs://skyflow-ae/frames_sample/frame_014_idx03169.jpg,145962,3840,2160,1.115204,2026-06-06T12:28:31.349714+00:00,2026-06-06T12:28:34.150031+00:00,2.800373,1,4,
20260606_122418_bcaf80fe,label,15,frame_015_idx03309.jpg,/Users/heng/Documents/skybridge/sim/video_clips/frames_sample/frame_015_idx03309.jpg,gs://skyflow-ae/frames_sample/frame_015_idx03309.jpg,431647,3840,2160,1.460644,2026-06-06T12:28:34.150133+00:00,2026-06-06T12:28:38.175328+00:00,4.025276,1,3,
20260606_122418_bcaf80fe,label,16,frame_016_idx03349.jpg,/Users/heng/Documents/skybridge/sim/video_clips/frames_sample/frame_016_idx03349.jpg,gs://skyflow-ae/frames_sample/frame_016_idx03349.jpg,437404,3840,2160,1.491598,2026-06-06T12:28:38.175474+00:00,2026-06-06T12:28:42.386816+00:00,4.211421,1,5,
20260606_122418_bcaf80fe,label,17,frame_017_idx03358.jpg,/Users/heng/Documents/skybridge/sim/video_clips/frames_sample/frame_017_idx03358.jpg,gs://skyflow-ae/frames_sample/frame_017_idx03358.jpg,445965,3840,2160,1.284599,2026-06-06T12:28:42.386939+00:00,2026-06-06T12:28:46.518250+00:00,4.131398,1,10,
20260606_122418_bcaf80fe,label,18,frame_018_idx03648.jpg,/Users/heng/Documents/skybridge/sim/video_clips/frames_sample/frame_018_idx03648.jpg,gs://skyflow-ae/frames_sample/frame_018_idx03648.jpg,399150,3840,2160,1.444102,2026-06-06T12:28:46.518340+00:00,2026-06-06T12:28:49.691465+00:00,3.173189,1,10,
20260606_122418_bcaf80fe,label,19,frame_019_idx04090.jpg,/Users/heng/Documents/skybridge/sim/video_clips/frames_sample/frame_019_idx04090.jpg,gs://skyflow-ae/frames_sample/frame_019_idx04090.jpg,329024,3840,2160,1.536218,2026-06-06T12:28:49.691560+00:00,2026-06-06T12:28:53.757448+00:00,4.065974,1,10,
20260606_122418_bcaf80fe,label,20,frame_020_idx04572.jpg,/Users/heng/Documents/skybridge/sim/video_clips/frames_sample/frame_020_idx04572.jpg,gs://skyflow-ae/frames_sample/frame_020_idx04572.jpg,234510,3840,2160,1.091195,2026-06-06T12:28:53.757542+00:00,2026-06-06T12:28:57.617919+00:00,3.860457,1,10,
20260606_122418_bcaf80fe,label,21,frame_021_idx05094.jpg,/Users/heng/Documents/skybridge/sim/video_clips/frames_sample/frame_021_idx05094.jpg,gs://skyflow-ae/frames_sample/frame_021_idx05094.jpg,340760,3840,2160,1.026313,2026-06-06T12:28:57.618820+00:00,2026-06-06T12:29:00.674355+00:00,3.055592,1,10,
20260606_122418_bcaf80fe,label,22,frame_022_idx05231.jpg,/Users/heng/Documents/skybridge/sim/video_clips/frames_sample/frame_022_idx05231.jpg,gs://skyflow-ae/frames_sample/frame_022_idx05231.jpg,327565,3840,2160,1.364246,2026-06-06T12:29:00.674447+00:00,2026-06-06T12:29:04.719218+00:00,4.044858,1,10,
20260606_122418_bcaf80fe,label,23,frame_023_idx05329.jpg,/Users/heng/Documents/skybridge/sim/video_clips/frames_sample/frame_023_idx05329.jpg,gs://skyflow-ae/frames_sample/frame_023_idx05329.jpg,1512083,3840,2160,1.835737,2026-06-06T12:29:04.719308+00:00,2026-06-06T12:29:08.119782+00:00,3.400543,1,5,
20260606_122418_bcaf80fe,label,24,frame_024_idx06300.jpg,/Users/heng/Documents/skybridge/sim/video_clips/frames_sample/frame_024_idx06300.jpg,gs://skyflow-ae/frames_sample/frame_024_idx06300.jpg,597653,3840,2160,1.627092,2026-06-06T12:29:08.119881+00:00,2026-06-06T12:29:11.319902+00:00,3.200084,1,10,
20260606_122418_bcaf80fe,label,25,frame_025_idx06515.jpg,/Users/heng/Documents/skybridge/sim/video_clips/frames_sample/frame_025_idx06515.jpg,gs://skyflow-ae/frames_sample/frame_025_idx06515.jpg,1970577,3840,2160,1.730338,2026-06-06T12:29:11.320009+00:00,2026-06-06T12:29:15.876088+00:00,4.556171,1,10,
20260606_122418_bcaf80fe,label,26,frame_026_idx06865.jpg,/Users/heng/Documents/skybridge/sim/video_clips/frames_sample/frame_026_idx06865.jpg,gs://skyflow-ae/frames_sample/frame_026_idx06865.jpg,722324,3840,2160,1.744717,2026-06-06T12:29:15.876258+00:00,2026-06-06T12:29:20.075714+00:00,4.199539,1,8,
20260606_122418_bcaf80fe,label,27,frame_027_idx07055.jpg,/Users/heng/Documents/skybridge/sim/video_clips/frames_sample/frame_027_idx07055.jpg,gs://skyflow-ae/frames_sample/frame_027_idx07055.jpg,411726,3840,2160,1.164057,2026-06-06T12:29:20.075881+00:00,2026-06-06T12:29:23.754092+00:00,3.678281,1,8,
20260606_122418_bcaf80fe,label,28,frame_028_idx07164.jpg,/Users/heng/Documents/skybridge/sim/video_clips/frames_sample/frame_028_idx07164.jpg,gs://skyflow-ae/frames_sample/frame_028_idx07164.jpg,1879543,3840,2160,2.031600,2026-06-06T12:29:23.754235+00:00,2026-06-06T12:29:28.144810+00:00,4.390665,1,8,
20260606_122418_bcaf80fe,label,29,frame_029_idx07223.jpg,/Users/heng/Documents/skybridge/sim/video_clips/frames_sample/frame_029_idx07223.jpg,gs://skyflow-ae/frames_sample/frame_029_idx07223.jpg,1907101,3840,2160,1.466453,2026-06-06T12:29:28.144962+00:00,2026-06-06T12:29:32.765329+00:00,4.620461,1,8,
20260606_122418_bcaf80fe,label,30,frame_030_idx07314.jpg,/Users/heng/Documents/skybridge/sim/video_clips/frames_sample/frame_030_idx07314.jpg,gs://skyflow-ae/frames_sample/frame_030_idx07314.jpg,1557952,3840,2160,1.639120,2026-06-06T12:29:32.765446+00:00,2026-06-06T12:29:37.372785+00:00,4.607432,1,6,
20260606_122418_bcaf80fe,label,31,frame_031_idx07467.jpg,/Users/heng/Documents/skybridge/sim/video_clips/frames_sample/frame_031_idx07467.jpg,gs://skyflow-ae/frames_sample/frame_031_idx07467.jpg,581858,3840,2160,1.353307,2026-06-06T12:29:37.372879+00:00,2026-06-06T12:29:40.562950+00:00,3.186675,1,10,
20260606_122418_bcaf80fe,label,32,frame_032_idx07623.jpg,/Users/heng/Documents/skybridge/sim/video_clips/frames_sample/frame_032_idx07623.jpg,gs://skyflow-ae/frames_sample/frame_032_idx07623.jpg,1962708,3840,2160,2.234463,2026-06-06T12:29:40.563854+00:00,2026-06-06T12:29:44.198535+00:00,3.631365,1,10,
20260606_122418_bcaf80fe,label,33,frame_033_idx07628.jpg,/Users/heng/Documents/skybridge/sim/video_clips/frames_sample/frame_033_idx07628.jpg,gs://skyflow-ae/frames_sample/frame_033_idx07628.jpg,1942007,3840,2160,1.865744,2026-06-06T12:29:44.198708+00:00,2026-06-06T12:29:48.744885+00:00,4.543000,1,10,
20260606_122418_bcaf80fe,label,34,frame_034_idx08024.jpg,/Users/heng/Documents/skybridge/sim/video_clips/frames_sample/frame_034_idx08024.jpg,gs://skyflow-ae/frames_sample/frame_034_idx08024.jpg,578689,3840,2160,1.080078,2026-06-06T12:29:48.745367+00:00,2026-06-06T12:29:51.887427+00:00,3.140354,1,10,
20260606_122418_bcaf80fe,label,35,frame_035_idx08667.jpg,/Users/heng/Documents/skybridge/sim/video_clips/frames_sample/frame_035_idx08667.jpg,gs://skyflow-ae/frames_sample/frame_035_idx08667.jpg,1364749,3840,2160,1.965412,2026-06-06T12:29:51.887588+00:00,2026-06-06T12:29:55.360907+00:00,3.471810,1,10,
20260606_122418_bcaf80fe,label,36,frame_036_idx09012.jpg,/Users/heng/Documents/skybridge/sim/video_clips/frames_sample/frame_036_idx09012.jpg,gs://skyflow-ae/frames_sample/frame_036_idx09012.jpg,522373,3840,2160,1.324212,2026-06-06T12:29:55.361039+00:00,2026-06-06T12:29:59.518146+00:00,4.155713,1,10,
20260606_122418_bcaf80fe,label,37,frame_037_idx09105.jpg,/Users/heng/Documents/skybridge/sim/video_clips/frames_sample/frame_037_idx09105.jpg,gs://skyflow-ae/frames_sample/frame_037_idx09105.jpg,470762,3840,2160,1.346659,2026-06-06T12:29:59.518244+00:00,2026-06-06T12:30:02.608779+00:00,3.089726,1,10,
20260606_122418_bcaf80fe,label,38,frame_038_idx09108.jpg,/Users/heng/Documents/skybridge/sim/video_clips/frames_sample/frame_038_idx09108.jpg,gs://skyflow-ae/frames_sample/frame_038_idx09108.jpg,466020,3840,2160,1.556727,2026-06-06T12:30:02.608893+00:00,2026-06-06T12:30:05.732253+00:00,3.122702,1,10,
20260606_122418_bcaf80fe,label,39,frame_039_idx09115.jpg,/Users/heng/Documents/skybridge/sim/video_clips/frames_sample/frame_039_idx09115.jpg,gs://skyflow-ae/frames_sample/frame_039_idx09115.jpg,468494,3840,2160,1.079456,2026-06-06T12:30:05.732344+00:00,2026-06-06T12:30:09.898821+00:00,4.165801,1,10,
20260606_122418_bcaf80fe,label,40,frame_040_idx09482.jpg,/Users/heng/Documents/skybridge/sim/video_clips/frames_sample/frame_040_idx09482.jpg,gs://skyflow-ae/frames_sample/frame_040_idx09482.jpg,358481,3840,2160,1.186287,2026-06-06T12:30:09.898915+00:00,2026-06-06T12:30:13.855159+00:00,3.955766,1,7,
20260606_122418_bcaf80fe,label,41,frame_041_idx09606.jpg,/Users/heng/Documents/skybridge/sim/video_clips/frames_sample/frame_041_idx09606.jpg,gs://skyflow-ae/frames_sample/frame_041_idx09606.jpg,199519,3840,2160,1.049973,2026-06-06T12:30:13.855284+00:00,2026-06-06T12:30:17.774499+00:00,3.918863,1,7,
20260606_122418_bcaf80fe,label,42,frame_042_idx11029.jpg,/Users/heng/Documents/skybridge/sim/video_clips/frames_sample/frame_042_idx11029.jpg,gs://skyflow-ae/frames_sample/frame_042_idx11029.jpg,592189,3840,2160,1.077247,2026-06-06T12:30:17.774615+00:00,2026-06-06T12:30:21.958113+00:00,4.183227,1,7,
20260606_122418_bcaf80fe,label,43,frame_043_idx11149.jpg,/Users/heng/Documents/skybridge/sim/video_clips/frames_sample/frame_043_idx11149.jpg,gs://skyflow-ae/frames_sample/frame_043_idx11149.jpg,261633,3840,2160,1.090339,2026-06-06T12:30:21.958198+00:00,2026-06-06T12:30:25.860385+00:00,3.902008,1,10,
20260606_122418_bcaf80fe,label,44,frame_044_idx11270.jpg,/Users/heng/Documents/skybridge/sim/video_clips/frames_sample/frame_044_idx11270.jpg,gs://skyflow-ae/frames_sample/frame_044_idx11270.jpg,385295,3840,2160,1.262881,2026-06-06T12:30:25.860473+00:00,2026-06-06T12:30:29.935452+00:00,4.074850,1,8,
20260606_122418_bcaf80fe,label,45,frame_045_idx11641.jpg,/Users/heng/Documents/skybridge/sim/video_clips/frames_sample/frame_045_idx11641.jpg,gs://skyflow-ae/frames_sample/frame_045_idx11641.jpg,276750,3840,2160,1.505674,2026-06-06T12:30:29.935551+00:00,2026-06-06T12:30:34.016856+00:00,4.081225,1,10,
20260606_122418_bcaf80fe,label,46,frame_046_idx11763.jpg,/Users/heng/Documents/skybridge/sim/video_clips/frames_sample/frame_046_idx11763.jpg,gs://skyflow-ae/frames_sample/frame_046_idx11763.jpg,205091,3840,2160,1.333294,2026-06-06T12:30:34.016947+00:00,2026-06-06T12:30:36.972536+00:00,2.955548,1,8,
20260606_122418_bcaf80fe,label,47,frame_047_idx11850.jpg,/Users/heng/Documents/skybridge/sim/video_clips/frames_sample/frame_047_idx11850.jpg,gs://skyflow-ae/frames_sample/frame_047_idx11850.jpg,230972,3840,2160,0.893830,2026-06-06T12:30:36.973056+00:00,2026-06-06T12:30:39.853196+00:00,2.880108,1,4,
20260606_122418_bcaf80fe,label,48,frame_048_idx11954.jpg,/Users/heng/Documents/skybridge/sim/video_clips/frames_sample/frame_048_idx11954.jpg,gs://skyflow-ae/frames_sample/frame_048_idx11954.jpg,287642,3840,2160,1.119556,2026-06-06T12:30:39.853321+00:00,2026-06-06T12:30:43.870248+00:00,4.016917,1,6,
20260606_122418_bcaf80fe,label,49,frame_049_idx12130.jpg,/Users/heng/Documents/skybridge/sim/video_clips/frames_sample/frame_049_idx12130.jpg,gs://skyflow-ae/frames_sample/frame_049_idx12130.jpg,227588,3840,2160,1.282779,2026-06-06T12:30:43.870379+00:00,2026-06-06T12:30:46.791678+00:00,2.921300,1,9,
20260606_122418_bcaf80fe,label,50,frame_050_idx12403.jpg,/Users/heng/Documents/skybridge/sim/video_clips/frames_sample/frame_050_idx12403.jpg,gs://skyflow-ae/frames_sample/frame_050_idx12403.jpg,775926,3840,2160,1.337327,2026-06-06T12:30:46.791796+00:00,2026-06-06T12:30:50.299726+00:00,3.507944,1,10,
20260606_122418_bcaf80fe,label,51,frame_051_idx12449.jpg,/Users/heng/Documents/skybridge/sim/video_clips/frames_sample/frame_051_idx12449.jpg,gs://skyflow-ae/frames_sample/frame_051_idx12449.jpg,744939,3840,2160,1.115102,2026-06-06T12:30:50.299824+00:00,2026-06-06T12:30:54.466331+00:00,4.166537,1,8,
20260606_122418_bcaf80fe,label,52,frame_052_idx12455.jpg,/Users/heng/Documents/skybridge/sim/video_clips/frames_sample/frame_052_idx12455.jpg,gs://skyflow-ae/frames_sample/frame_052_idx12455.jpg,744019,3840,2160,1.215043,2026-06-06T12:30:54.466456+00:00,2026-06-06T12:30:57.751046+00:00,3.284621,1,8,
20260606_122418_bcaf80fe,label,53,frame_053_idx13746.jpg,/Users/heng/Documents/skybridge/sim/video_clips/frames_sample/frame_053_idx13746.jpg,gs://skyflow-ae/frames_sample/frame_053_idx13746.jpg,181585,3840,2160,0.972548,2026-06-06T12:30:57.751157+00:00,2026-06-06T12:31:00.757016+00:00,3.005886,1,10,
20260606_122418_bcaf80fe,label,54,frame_054_idx13825.jpg,/Users/heng/Documents/skybridge/sim/video_clips/frames_sample/frame_054_idx13825.jpg,gs://skyflow-ae/frames_sample/frame_054_idx13825.jpg,185675,3840,2160,1.237692,2026-06-06T12:31:00.757205+00:00,2026-06-06T12:31:03.769693+00:00,3.012518,1,9,
20260606_122418_bcaf80fe,label,55,frame_055_idx13848.jpg,/Users/heng/Documents/skybridge/sim/video_clips/frames_sample/frame_055_idx13848.jpg,gs://skyflow-ae/frames_sample/frame_055_idx13848.jpg,169944,3840,2160,1.273107,2026-06-06T12:31:03.769809+00:00,2026-06-06T12:31:06.588955+00:00,2.819169,1,8,
20260606_122418_bcaf80fe,label,56,frame_056_idx14719.jpg,/Users/heng/Documents/skybridge/sim/video_clips/frames_sample/frame_056_idx14719.jpg,gs://skyflow-ae/frames_sample/frame_056_idx14719.jpg,270790,3840,2160,1.618122,2026-06-06T12:31:06.589112+00:00,2026-06-06T12:31:10.566660+00:00,3.977600,1,3,
20260606_122418_bcaf80fe,label,57,frame_057_idx14857.jpg,/Users/heng/Documents/skybridge/sim/video_clips/frames_sample/frame_057_idx14857.jpg,gs://skyflow-ae/frames_sample/frame_057_idx14857.jpg,545189,3840,2160,1.065251,2026-06-06T12:31:10.566752+00:00,2026-06-06T12:31:13.866827+00:00,3.300121,1,1,
20260606_122418_bcaf80fe,label,58,frame_058_idx15054.jpg,/Users/heng/Documents/skybridge/sim/video_clips/frames_sample/frame_058_idx15054.jpg,gs://skyflow-ae/frames_sample/frame_058_idx15054.jpg,394243,3840,2160,1.662623,2026-06-06T12:31:13.867017+00:00,2026-06-06T12:31:17.850576+00:00,3.983615,1,5,
20260606_122418_bcaf80fe,label,59,frame_059_idx16559.jpg,/Users/heng/Documents/skybridge/sim/video_clips/frames_sample/frame_059_idx16559.jpg,gs://skyflow-ae/frames_sample/frame_059_idx16559.jpg,454450,3840,2160,1.699103,2026-06-06T12:31:17.850667+00:00,2026-06-06T12:31:21.016270+00:00,3.165646,1,10,
20260606_122418_bcaf80fe,label,60,frame_060_idx17571.jpg,/Users/heng/Documents/skybridge/sim/video_clips/frames_sample/frame_060_idx17571.jpg,gs://skyflow-ae/frames_sample/frame_060_idx17571.jpg,207235,3840,2160,1.266856,2026-06-06T12:31:21.016397+00:00,2026-06-06T12:31:23.992691+00:00,2.976339,1,1,
20260606_122418_bcaf80fe,label,61,frame_061_idx17856.jpg,/Users/heng/Documents/skybridge/sim/video_clips/frames_sample/frame_061_idx17856.jpg,gs://skyflow-ae/frames_sample/frame_061_idx17856.jpg,154377,3840,2160,1.141217,2026-06-06T12:31:23.992876+00:00,2026-06-06T12:31:26.859861+00:00,2.867025,1,3,
20260606_122418_bcaf80fe,label,62,frame_062_idx17870.jpg,/Users/heng/Documents/skybridge/sim/video_clips/frames_sample/frame_062_idx17870.jpg,gs://skyflow-ae/frames_sample/frame_062_idx17870.jpg,240638,3840,2160,1.506938,2026-06-06T12:31:26.860008+00:00,2026-06-06T12:31:29.851775+00:00,2.991811,1,2,
20260606_122418_bcaf80fe,label,63,frame_063_idx18089.jpg,/Users/heng/Documents/skybridge/sim/video_clips/frames_sample/frame_063_idx18089.jpg,gs://skyflow-ae/frames_sample/frame_063_idx18089.jpg,878853,3840,2160,1.279785,2026-06-06T12:31:29.851884+00:00,2026-06-06T12:31:34.028981+00:00,4.177169,1,10,
20260606_122418_bcaf80fe,label,64,frame_064_idx18390.jpg,/Users/heng/Documents/skybridge/sim/video_clips/frames_sample/frame_064_idx18390.jpg,gs://skyflow-ae/frames_sample/frame_064_idx18390.jpg,654524,3840,2160,1.362358,2026-06-06T12:31:34.029084+00:00,2026-06-06T12:31:37.229348+00:00,3.200315,1,5,
20260606_122418_bcaf80fe,label,65,frame_065_idx18918.jpg,/Users/heng/Documents/skybridge/sim/video_clips/frames_sample/frame_065_idx18918.jpg,gs://skyflow-ae/frames_sample/frame_065_idx18918.jpg,370342,3840,2160,1.193398,2026-06-06T12:31:37.231410+00:00,2026-06-06T12:31:40.275744+00:00,3.044335,1,10,
20260606_122418_bcaf80fe,label,66,frame_066_idx19309.jpg,/Users/heng/Documents/skybridge/sim/video_clips/frames_sample/frame_066_idx19309.jpg,gs://skyflow-ae/frames_sample/frame_066_idx19309.jpg,669499,3840,2160,1.710149,2026-06-06T12:31:40.275898+00:00,2026-06-06T12:31:44.474189+00:00,4.198361,1,3,
20260606_122418_bcaf80fe,label,67,frame_067_idx19349.jpg,/Users/heng/Documents/skybridge/sim/video_clips/frames_sample/frame_067_idx19349.jpg,gs://skyflow-ae/frames_sample/frame_067_idx19349.jpg,711652,3840,2160,1.598082,2026-06-06T12:31:44.474346+00:00,2026-06-06T12:31:48.612536+00:00,4.138252,1,4,
20260606_122418_bcaf80fe,label,68,frame_068_idx19726.jpg,/Users/heng/Documents/skybridge/sim/video_clips/frames_sample/frame_068_idx19726.jpg,gs://skyflow-ae/frames_sample/frame_068_idx19726.jpg,723906,3840,2160,1.370908,2026-06-06T12:31:48.613112+00:00,2026-06-06T12:31:51.615189+00:00,3.001235,1,10,
20260606_122418_bcaf80fe,label,69,frame_069_idx19782.jpg,/Users/heng/Documents/skybridge/sim/video_clips/frames_sample/frame_069_idx19782.jpg,gs://skyflow-ae/frames_sample/frame_069_idx19782.jpg,742190,3840,2160,1.214081,2026-06-06T12:31:51.615306+00:00,2026-06-06T12:31:54.888223+00:00,3.272973,1,10,
20260606_122418_bcaf80fe,label,70,frame_070_idx20267.jpg,/Users/heng/Documents/skybridge/sim/video_clips/frames_sample/frame_070_idx20267.jpg,gs://skyflow-ae/frames_sample/frame_070_idx20267.jpg,609733,3840,2160,1.560553,2026-06-06T12:31:54.888335+00:00,2026-06-06T12:31:58.093267+00:00,3.204986,1,8,
20260606_122418_bcaf80fe,label,71,frame_071_idx20599.jpg,/Users/heng/Documents/skybridge/sim/video_clips/frames_sample/frame_071_idx20599.jpg,gs://skyflow-ae/frames_sample/frame_071_idx20599.jpg,188281,3840,2160,0.798988,2026-06-06T12:31:58.093482+00:00,2026-06-06T12:32:01.050893+00:00,2.957452,1,6,
20260606_122418_bcaf80fe,label,72,frame_072_idx20830.jpg,/Users/heng/Documents/skybridge/sim/video_clips/frames_sample/frame_072_idx20830.jpg,gs://skyflow-ae/frames_sample/frame_072_idx20830.jpg,218795,3840,2160,1.349358,2026-06-06T12:32:01.051002+00:00,2026-06-06T12:32:03.983164+00:00,2.932210,1,6,
20260606_122418_bcaf80fe,label,73,frame_073_idx20952.jpg,/Users/heng/Documents/skybridge/sim/video_clips/frames_sample/frame_073_idx20952.jpg,gs://skyflow-ae/frames_sample/frame_073_idx20952.jpg,238914,3840,2160,0.985557,2026-06-06T12:32:03.983267+00:00,2026-06-06T12:32:06.986297+00:00,3.003079,1,8,
20260606_122418_bcaf80fe,label,74,frame_074_idx21295.jpg,/Users/heng/Documents/skybridge/sim/video_clips/frames_sample/frame_074_idx21295.jpg,gs://skyflow-ae/frames_sample/frame_074_idx21295.jpg,503881,3840,2160,1.075352,2026-06-06T12:32:06.986439+00:00,2026-06-06T12:32:09.991948+00:00,3.005555,1,10,
20260606_122418_bcaf80fe,label,75,frame_075_idx21668.jpg,/Users/heng/Documents/skybridge/sim/video_clips/frames_sample/frame_075_idx21668.jpg,gs://skyflow-ae/frames_sample/frame_075_idx21668.jpg,233217,3840,2160,1.098283,2026-06-06T12:32:09.992167+00:00,2026-06-06T12:32:12.938700+00:00,2.946575,1,10,
20260606_122418_bcaf80fe,label,76,frame_076_idx21960.jpg,/Users/heng/Documents/skybridge/sim/video_clips/frames_sample/frame_076_idx21960.jpg,gs://skyflow-ae/frames_sample/frame_076_idx21960.jpg,641475,3840,2160,1.360074,2026-06-06T12:32:12.938883+00:00,2026-06-06T12:32:16.150284+00:00,3.211450,1,10,
20260606_122418_bcaf80fe,label,77,frame_077_idx22174.jpg,/Users/heng/Documents/skybridge/sim/video_clips/frames_sample/frame_077_idx22174.jpg,gs://skyflow-ae/frames_sample/frame_077_idx22174.jpg,1079171,3840,2160,1.612644,2026-06-06T12:32:16.150508+00:00,2026-06-06T12:32:19.533614+00:00,3.383154,1,10,
20260606_122418_bcaf80fe,label,78,frame_078_idx22876.jpg,/Users/heng/Documents/skybridge/sim/video_clips/frames_sample/frame_078_idx22876.jpg,gs://skyflow-ae/frames_sample/frame_078_idx22876.jpg,903242,3840,2160,1.493546,2026-06-06T12:32:19.533903+00:00,2026-06-06T12:32:23.937861+00:00,4.404019,1,10,
20260606_122418_bcaf80fe,label,79,frame_079_idx22981.jpg,/Users/heng/Documents/skybridge/sim/video_clips/frames_sample/frame_079_idx22981.jpg,gs://skyflow-ae/frames_sample/frame_079_idx22981.jpg,594336,3840,2160,1.195015,2026-06-06T12:32:23.937973+00:00,2026-06-06T12:32:28.224815+00:00,4.286829,1,10,
20260606_122418_bcaf80fe,label,80,frame_080_idx23087.jpg,/Users/heng/Documents/skybridge/sim/video_clips/frames_sample/frame_080_idx23087.jpg,gs://skyflow-ae/frames_sample/frame_080_idx23087.jpg,462489,3840,2160,1.300308,2026-06-06T12:32:28.224923+00:00,2026-06-06T12:32:31.462376+00:00,3.237507,1,10,
20260606_122418_bcaf80fe,label,81,frame_081_idx23462.jpg,/Users/heng/Documents/skybridge/sim/video_clips/frames_sample/frame_081_idx23462.jpg,gs://skyflow-ae/frames_sample/frame_081_idx23462.jpg,525644,3840,2160,1.017810,2026-06-06T12:32:31.462563+00:00,2026-06-06T12:32:34.665922+00:00,3.203411,1,10,
20260606_122418_bcaf80fe,label,82,frame_082_idx23911.jpg,/Users/heng/Documents/skybridge/sim/video_clips/frames_sample/frame_082_idx23911.jpg,gs://skyflow-ae/frames_sample/frame_082_idx23911.jpg,643492,3840,2160,1.499000,2026-06-06T12:32:34.666036+00:00,2026-06-06T12:32:38.956842+00:00,4.290884,1,10,
20260606_122418_bcaf80fe,label,83,frame_083_idx24132.jpg,/Users/heng/Documents/skybridge/sim/video_clips/frames_sample/frame_083_idx24132.jpg,gs://skyflow-ae/frames_sample/frame_083_idx24132.jpg,221183,3840,2160,0.856775,2026-06-06T12:32:38.956946+00:00,2026-06-06T12:32:43.002685+00:00,4.045811,1,10,
20260606_122418_bcaf80fe,label,84,frame_084_idx24270.jpg,/Users/heng/Documents/skybridge/sim/video_clips/frames_sample/frame_084_idx24270.jpg,gs://skyflow-ae/frames_sample/frame_084_idx24270.jpg,747653,3840,2160,1.023601,2026-06-06T12:32:43.002790+00:00,2026-06-06T12:32:46.238417+00:00,3.235681,1,10,
20260606_122418_bcaf80fe,label,85,frame_085_idx24299.jpg,/Users/heng/Documents/skybridge/sim/video_clips/frames_sample/frame_085_idx24299.jpg,gs://skyflow-ae/frames_sample/frame_085_idx24299.jpg,713975,3840,2160,1.110478,2026-06-06T12:32:46.238597+00:00,2026-06-06T12:32:49.420956+00:00,3.182403,1,10,
20260606_122418_bcaf80fe,label,86,frame_086_idx24864.jpg,/Users/heng/Documents/skybridge/sim/video_clips/frames_sample/frame_086_idx24864.jpg,gs://skyflow-ae/frames_sample/frame_086_idx24864.jpg,227064,3840,2160,1.814753,2026-06-06T12:32:49.421076+00:00,2026-06-06T12:32:53.484818+00:00,4.063812,1,7,
20260606_122418_bcaf80fe,label,87,frame_087_idx25018.jpg,/Users/heng/Documents/skybridge/sim/video_clips/frames_sample/frame_087_idx25018.jpg,gs://skyflow-ae/frames_sample/frame_087_idx25018.jpg,678413,3840,2160,1.382912,2026-06-06T12:32:53.484905+00:00,2026-06-06T12:32:56.768340+00:00,3.283492,1,6,
20260606_122418_bcaf80fe,label,88,frame_088_idx25331.jpg,/Users/heng/Documents/skybridge/sim/video_clips/frames_sample/frame_088_idx25331.jpg,gs://skyflow-ae/frames_sample/frame_088_idx25331.jpg,760531,3840,2160,1.122436,2026-06-06T12:32:56.768430+00:00,2026-06-06T12:33:01.017890+00:00,4.249535,1,3,
20260606_122418_bcaf80fe,label,89,frame_089_idx26405.jpg,/Users/heng/Documents/skybridge/sim/video_clips/frames_sample/frame_089_idx26405.jpg,gs://skyflow-ae/frames_sample/frame_089_idx26405.jpg,441630,3840,2160,1.294164,2026-06-06T12:33:01.018036+00:00,2026-06-06T12:33:04.122542+00:00,3.104554,1,5,
20260606_122418_bcaf80fe,label,90,frame_090_idx26447.jpg,/Users/heng/Documents/skybridge/sim/video_clips/frames_sample/frame_090_idx26447.jpg,gs://skyflow-ae/frames_sample/frame_090_idx26447.jpg,421180,3840,2160,1.430230,2026-06-06T12:33:04.122632+00:00,2026-06-06T12:33:08.269907+00:00,4.147350,1,7,
20260606_122418_bcaf80fe,label,91,frame_091_idx26523.jpg,/Users/heng/Documents/skybridge/sim/video_clips/frames_sample/frame_091_idx26523.jpg,gs://skyflow-ae/frames_sample/frame_091_idx26523.jpg,420470,3840,2160,1.711722,2026-06-06T12:33:08.270012+00:00,2026-06-06T12:33:11.366586+00:00,3.096624,1,9,
20260606_122418_bcaf80fe,label,92,frame_092_idx27177.jpg,/Users/heng/Documents/skybridge/sim/video_clips/frames_sample/frame_092_idx27177.jpg,gs://skyflow-ae/frames_sample/frame_092_idx27177.jpg,266900,3840,2160,1.381072,2026-06-06T12:33:11.366755+00:00,2026-06-06T12:33:15.500867+00:00,4.134185,1,10,
20260606_122418_bcaf80fe,label,93,frame_093_idx27332.jpg,/Users/heng/Documents/skybridge/sim/video_clips/frames_sample/frame_093_idx27332.jpg,gs://skyflow-ae/frames_sample/frame_093_idx27332.jpg,554817,3840,2160,1.411087,2026-06-06T12:33:15.500962+00:00,2026-06-06T12:33:19.710592+00:00,4.209705,1,7,
20260606_122418_bcaf80fe,label,94,frame_094_idx27770.jpg,/Users/heng/Documents/skybridge/sim/video_clips/frames_sample/frame_094_idx27770.jpg,gs://skyflow-ae/frames_sample/frame_094_idx27770.jpg,611551,3840,2160,1.703469,2026-06-06T12:33:19.710752+00:00,2026-06-06T12:33:23.085705+00:00,3.375008,1,10,
20260606_122418_bcaf80fe,label,95,frame_095_idx28027.jpg,/Users/heng/Documents/skybridge/sim/video_clips/frames_sample/frame_095_idx28027.jpg,gs://skyflow-ae/frames_sample/frame_095_idx28027.jpg,347665,3840,2160,0.972167,2026-06-06T12:33:23.085809+00:00,2026-06-06T12:33:26.167484+00:00,3.081727,1,9,
20260606_122418_bcaf80fe,label,96,frame_096_idx28236.jpg,/Users/heng/Documents/skybridge/sim/video_clips/frames_sample/frame_096_idx28236.jpg,gs://skyflow-ae/frames_sample/frame_096_idx28236.jpg,399244,3840,2160,1.068393,2026-06-06T12:33:26.167614+00:00,2026-06-06T12:33:29.303960+00:00,3.136399,1,7,
20260606_122418_bcaf80fe,label,97,frame_097_idx28392.jpg,/Users/heng/Documents/skybridge/sim/video_clips/frames_sample/frame_097_idx28392.jpg,gs://skyflow-ae/frames_sample/frame_097_idx28392.jpg,303626,3840,2160,1.095987,2026-06-06T12:33:29.304053+00:00,2026-06-06T12:33:32.352495+00:00,3.048492,1,10,
20260606_122418_bcaf80fe,label,98,frame_098_idx28485.jpg,/Users/heng/Documents/skybridge/sim/video_clips/frames_sample/frame_098_idx28485.jpg,gs://skyflow-ae/frames_sample/frame_098_idx28485.jpg,333832,3840,2160,1.046251,2026-06-06T12:33:32.352686+00:00,2026-06-06T12:33:35.483543+00:00,3.130905,1,10,
20260606_122418_bcaf80fe,label,99,frame_099_idx29014.jpg,/Users/heng/Documents/skybridge/sim/video_clips/frames_sample/frame_099_idx29014.jpg,gs://skyflow-ae/frames_sample/frame_099_idx29014.jpg,380764,3840,2160,1.341675,2026-06-06T12:33:35.483693+00:00,2026-06-06T12:33:38.573229+00:00,3.089588,1,10,
20260606_122418_bcaf80fe,label,100,frame_100_idx29234.jpg,/Users/heng/Documents/skybridge/sim/video_clips/frames_sample/frame_100_idx29234.jpg,gs://skyflow-ae/frames_sample/frame_100_idx29234.jpg,722357,3840,2160,1.706445,2026-06-06T12:33:38.573335+00:00,2026-06-06T12:33:41.927944+00:00,3.354666,1,7,
